applicant_id,gender,department,years_experience,degree,test_score,hired
1,M,Engineering,5,Bachelor,69.0,1
2,F,Marketing,5,Master,76.0,0
3,F,Marketing,4,Bachelor,73.0,0
4,M,Engineering,6,Master,73.0,1
5,F,Marketing,5,Bachelor,49.0,1
6,F,Marketing,4,PhD,62.0,0
7,F,Marketing,6,PhD,42.0,0
8,F,Marketing,3,Bachelor,73.0,0
9,M,Engineering,2,Bachelor,65.0,0
10,F,Marketing,3,Master,69.0,0
11,M,Marketing,3,Master,64.0,0
12,M,Engineering,5,PhD,69.0,1
13,M,Engineering,4,Master,41.0,0
14,M,Engineering,4,Master,69.0,1
15,M,Engineering,4,Bachelor,86.0,1
16,F,Marketing,2,Bachelor,70.0,1
17,M,Engineering,5,Bachelor,60.0,1
18,M,Engineering,6,Master,81.0,1
19,F,Marketing,6,Bachelor,69.0,0
20,F,Marketing,5,Master,70.0,1
21,F,Engineering,4,Bachelor,89.0,0
22,M,Engineering,6,Master,71.0,0
23,M,Engineering,2,Bachelor,57.0,0
24,M,Engineering,6,Bachelor,55.0,0
25,F,Marketing,1,Bachelor,79.0,0
26,M,Engineering,7,Bachelor,46.0,1
27,M,Engineering,3,Master,59.0,1
28,M,Engineering,5,Bachelor,57.0,1
29,F,Engineering,5,Master,77.0,1
30,M,Engineering,8,Master,63.0,1
31,M,Engineering,5,Bachelor,67.0,1
32,M,Engineering,6,Bachelor,43.0,0
33,M,Engineering,7,Master,59.0,0
34,F,Marketing,3,Bachelor,65.0,0
35,F,Engineering,3,Bachelor,64.0,0
36,F,Marketing,4,Master,65.0,0
37,F,Engineering,2,Master,72.0,0
38,F,Marketing,3,Master,,0
39,F,Engineering,3,Master,81.0,1
40,F,Engineering,4,Bachelor,59.0,0
41,M,Engineering,6,Master,64.0,1
42,M,Engineering,4,PhD,60.0,1
43,F,Marketing,3,Bachelor,84.0,0
44,F,Marketing,5,Master,80.0,1
45,F,Engineering,7,Bachelor,49.0,1
46,M,Engineering,5,Master,50.0,0
47,M,Engineering,3,Master,76.0,0
48,F,Marketing,2,Master,77.0,0
49,F,Marketing,8,PhD,71.0,0
50,F,Engineering,5,PhD,47.0,0
51,M,Marketing,6,Bachelor,58.0,0
52,F,Engineering,8,Bachelor,57.0,1
53,F,Marketing,2,Master,62.0,1
54,F,Marketing,3,Bachelor,63.0,0
55,F,Marketing,0,Master,45.0,0
56,M,Engineering,5,PhD,57.0,0
57,F,Marketing,6,Bachelor,58.0,1
58,F,Marketing,3,Bachelor,40.0,0
59,M,Marketing,4,PhD,85.0,0
60,F,Marketing,5,Bachelor,85.0,0
61,M,Engineering,4,Bachelor,55.0,1
62,F,Marketing,3,Bachelor,59.0,0
63,M,Engineering,3,PhD,59.0,0
64,M,Engineering,5,Bachelor,56.0,1
65,M,Engineering,7,Master,72.0,1
66,M,Engineering,2,Bachelor,52.0,0
67,M,Engineering,4,Bachelor,76.0,0
68,M,Marketing,6,Master,73.0,0
69,F,Engineering,3,Master,65.0,0
70,F,Marketing,5,Bachelor,89.0,1
71,F,Marketing,5,Bachelor,75.0,0
72,M,Marketing,6,Bachelor,61.0,0
73,M,Engineering,6,Bachelor,63.0,0
74,M,Engineering,8,Master,79.0,0
75,M,Engineering,3,Master,56.0,0
76,F,Marketing,5,Bachelor,52.0,0
77,F,Engineering,5,Master,75.0,1
78,M,Engineering,2,Bachelor,74.0,1
79,F,Marketing,8,Bachelor,56.0,1
80,F,Marketing,3,Bachelor,88.0,0
81,F,Marketing,4,Bachelor,60.0,0
82,M,Engineering,11,Bachelor,78.0,1
83,F,Marketing,8,Bachelor,71.0,0
84,F,Marketing,8,Bachelor,56.0,0
85,F,Marketing,5,PhD,64.0,0
86,F,Marketing,6,PhD,36.0,0
87,F,Marketing,2,Master,77.0,0
88,M,Engineering,6,Bachelor,66.0,1
89,F,Marketing,2,Bachelor,77.0,0
90,F,Marketing,3,Master,55.0,0
91,M,Engineering,8,Bachelor,63.0,1
92,F,Marketing,4,Bachelor,49.0,0
93,F,Marketing,6,Bachelor,56.0,0
94,M,Engineering,5,Bachelor,,1
95,M,Engineering,7,Bachelor,72.0,1
96,F,Marketing,5,Master,81.0,1
97,F,Marketing,5,Bachelor,78.0,0
98,M,Engineering,6,Master,67.0,0
99,M,Engineering,2,Master,35.0,0
100,M,Engineering,4,Master,83.0,1
101,F,Marketing,3,Bachelor,68.0,0
102,M,Marketing,4,Bachelor,100.0,0
103,F,Marketing,3,Master,88.0,1
104,F,Marketing,6,Bachelor,73.0,0
105,F,Marketing,3,Bachelor,68.0,0
106,F,Marketing,2,Master,62.0,1
107,M,Engineering,3,PhD,52.0,1
108,F,Engineering,2,Master,58.0,0
109,M,Marketing,9,Bachelor,65.0,0
110,F,Engineering,2,Master,53.0,0
111,F,Marketing,4,Master,62.0,0
112,M,Engineering,4,Bachelor,,1
113,M,Engineering,3,Bachelor,53.0,0
114,M,Engineering,5,Bachelor,63.0,0
115,M,Engineering,4,Master,62.0,0
116,F,Marketing,5,Bachelor,67.0,0
117,M,Engineering,5,Bachelor,54.0,0
118,F,Marketing,7,Master,60.0,0
119,F,Marketing,1,Master,38.0,0
120,M,Engineering,5,PhD,63.0,1
121,M,Marketing,4,Bachelor,73.0,0
122,M,Engineering,3,Master,73.0,0
123,M,Engineering,5,Master,79.0,1
124,F,Engineering,4,Bachelor,53.0,0
125,M,Marketing,1,Master,69.0,0
126,F,Marketing,4,Master,67.0,0
127,F,Marketing,7,PhD,62.0,0
128,F,Marketing,3,Bachelor,69.0,0
129,F,Engineering,2,Bachelor,66.0,0
130,M,Engineering,5,Bachelor,54.0,0
131,F,Marketing,4,Bachelor,85.0,0
132,M,Marketing,4,Master,85.0,0
133,F,Marketing,1,Bachelor,51.0,0
134,F,Engineering,4,Bachelor,72.0,0
135,F,Marketing,3,Master,58.0,0
136,F,Marketing,2,Bachelor,,0
137,M,Engineering,2,Master,56.0,0
138,M,Engineering,6,Bachelor,51.0,0
139,M,Engineering,2,Bachelor,71.0,0
140,F,Marketing,7,Bachelor,59.0,0
141,F,Engineering,6,Master,68.0,0
142,M,Engineering,6,Bachelor,60.0,0
143,M,Engineering,4,Bachelor,52.0,1
144,F,Marketing,4,Bachelor,35.0,0
145,F,Marketing,5,Bachelor,77.0,0
146,M,Marketing,9,Bachelor,69.0,0
147,M,Engineering,5,Master,,0
148,M,Marketing,5,Bachelor,52.0,0
149,M,Engineering,5,Master,62.0,1
150,M,Engineering,5,Bachelor,81.0,0
151,M,Engineering,2,Master,74.0,0
152,M,Marketing,4,Bachelor,75.0,0
153,F,Marketing,5,Bachelor,70.0,0
154,F,Marketing,6,Master,,0
155,F,Marketing,4,Bachelor,67.0,1
156,M,Marketing,1,PhD,70.0,0
157,F,Engineering,6,Bachelor,58.0,1
158,F,Engineering,5,Master,40.0,0
159,F,Marketing,6,PhD,70.0,0
160,F,Marketing,3,Bachelor,63.0,0
161,M,Engineering,6,Master,47.0,0
162,F,Marketing,4,Master,62.0,0
163,F,Engineering,7,Bachelor,79.0,1
164,M,Engineering,4,Master,54.0,0
165,F,Marketing,4,Master,61.0,0
166,F,Marketing,4,Master,59.0,0
167,F,Marketing,2,Master,55.0,0
168,F,Marketing,3,Bachelor,57.0,0
169,F,Marketing,4,Bachelor,62.0,0
170,F,Marketing,4,Bachelor,76.0,0
171,M,Engineering,6,Master,66.0,1
172,M,Engineering,3,Bachelor,75.0,1
173,M,Marketing,7,Master,63.0,0
174,F,Engineering,5,Bachelor,66.0,0
175,M,Engineering,3,Master,46.0,1
176,M,Engineering,1,Master,70.0,0
177,F,Engineering,4,Master,76.0,1
178,M,Engineering,3,PhD,66.0,1
179,M,Marketing,4,Bachelor,77.0,0
180,M,Engineering,4,Master,79.0,1
181,F,Marketing,0,PhD,67.0,0
182,M,Engineering,6,Bachelor,71.0,0
183,F,Marketing,7,Bachelor,88.0,0
184,F,Marketing,6,Bachelor,56.0,0
185,F,Marketing,3,Bachelor,,0
186,M,Engineering,9,Master,87.0,1
187,F,Marketing,4,Bachelor,58.0,0
188,M,Engineering,2,Bachelor,88.0,1
189,M,Engineering,4,Bachelor,67.0,0
190,M,Marketing,4,Bachelor,58.0,0
191,F,Marketing,5,Master,73.0,0
192,M,Engineering,3,Bachelor,75.0,0
193,F,Engineering,4,Bachelor,60.0,0
194,M,Engineering,6,Bachelor,68.0,0
195,M,Engineering,4,Bachelor,61.0,0
196,M,Engineering,4,Master,59.0,1
197,M,Engineering,6,Bachelor,70.0,1
198,F,Marketing,5,Bachelor,77.0,0
199,M,Marketing,1,Bachelor,56.0,0
200,M,Marketing,5,Master,64.0,0
201,M,Engineering,4,PhD,90.0,1
202,M,Marketing,2,Bachelor,73.0,0
203,F,Engineering,6,Master,48.0,1
204,F,Marketing,8,Bachelor,75.0,0
205,M,Marketing,5,Bachelor,52.0,0
206,M,Marketing,1,Bachelor,48.0,0
207,F,Marketing,5,Master,65.0,0
208,F,Marketing,4,Master,82.0,1
209,F,Marketing,4,Bachelor,,0
210,M,Engineering,3,Bachelor,83.0,1
211,F,Marketing,4,Bachelor,76.0,0
212,F,Marketing,5,Bachelor,62.0,0
213,F,Engineering,5,Master,72.0,0
214,M,Marketing,3,Master,87.0,1
215,M,Engineering,6,Master,90.0,1
216,M,Engineering,6,Master,47.0,0
217,F,Marketing,2,Master,70.0,1
218,M,Engineering,3,Master,58.0,0
219,M,Engineering,6,PhD,77.0,1
220,F,Marketing,7,Master,74.0,1
221,F,Engineering,6,Master,66.0,1
222,M,Engineering,3,Master,57.0,1
223,M,Engineering,6,Bachelor,71.0,1
224,F,Marketing,8,PhD,65.0,1
225,M,Engineering,6,Bachelor,68.0,1
226,M,Engineering,4,Master,64.0,1
227,M,Engineering,7,PhD,70.0,0
228,F,Engineering,2,Bachelor,66.0,0
229,F,Marketing,3,Bachelor,76.0,0
230,F,Engineering,6,Bachelor,33.0,0
231,F,Engineering,6,PhD,63.0,0
232,F,Engineering,2,Bachelor,60.0,0
233,F,Marketing,6,Bachelor,70.0,0
234,F,Engineering,5,Bachelor,76.0,0
235,M,Engineering,2,PhD,68.0,0
236,M,Marketing,7,Master,67.0,0
237,F,Marketing,4,Master,60.0,0
238,F,Marketing,0,Master,75.0,0
239,M,Engineering,2,Master,88.0,1
240,M,Engineering,7,Master,71.0,0
241,M,Engineering,3,Bachelor,69.0,0
242,M,Engineering,5,PhD,71.0,1
243,M,Engineering,6,Bachelor,59.0,1
244,M,Marketing,4,Bachelor,56.0,0
245,M,Engineering,3,Master,56.0,1
246,F,Marketing,7,Bachelor,68.0,0
247,M,Marketing,4,Bachelor,,0
248,F,Marketing,1,Bachelor,69.0,0
249,M,Engineering,7,Master,62.0,1
250,F,Engineering,2,Master,73.0,0
251,F,Engineering,3,Master,62.0,0
252,F,Marketing,7,Master,,1
253,F,Marketing,3,Master,59.0,0
254,M,Engineering,8,Bachelor,70.0,1
255,F,Marketing,2,Master,54.0,0
256,M,Engineering,3,Master,47.0,0
257,F,Marketing,7,Master,72.0,0
258,F,Marketing,3,Master,82.0,1
259,F,Marketing,2,Bachelor,60.0,0
260,M,Engineering,5,Master,35.0,0
261,F,Engineering,6,Master,79.0,0
262,M,Engineering,3,Bachelor,67.0,0
263,M,Marketing,9,Bachelor,93.0,0
264,M,Engineering,3,Bachelor,83.0,0
265,M,Engineering,3,Master,59.0,1
266,M,Engineering,3,Bachelor,65.0,0
267,F,Engineering,6,Bachelor,72.0,1
268,M,Engineering,4,Master,58.0,0
269,F,Marketing,1,Master,84.0,0
270,F,Engineering,5,Bachelor,73.0,0
271,F,Engineering,4,Bachelor,56.0,0
272,M,Engineering,6,Master,82.0,1
273,M,Engineering,4,Bachelor,50.0,0
274,M,Engineering,2,PhD,73.0,1
275,M,Marketing,1,Bachelor,51.0,0
276,M,Marketing,9,Bachelor,78.0,1
277,M,Engineering,6,Bachelor,56.0,1
278,F,Marketing,3,Bachelor,59.0,0
279,M,Marketing,1,Master,69.0,0
280,M,Engineering,4,Master,70.0,0
281,M,Engineering,8,Bachelor,70.0,1
282,M,Marketing,6,Bachelor,67.0,0
283,M,Marketing,1,Master,54.0,0
284,F,Marketing,8,PhD,63.0,1
285,F,Marketing,3,Bachelor,65.0,0
286,F,Marketing,4,Master,69.0,0
287,F,Marketing,5,Bachelor,58.0,1
288,F,Engineering,4,Bachelor,74.0,0
289,F,Marketing,8,Bachelor,60.0,0
290,M,Engineering,4,Master,58.0,1
291,F,Marketing,2,Master,54.0,0
292,F,Marketing,2,Bachelor,54.0,0
293,F,Engineering,9,Master,53.0,0
294,F,Marketing,2,Bachelor,57.0,0
295,M,Marketing,2,Bachelor,83.0,1
296,F,Marketing,3,Master,65.0,0
297,M,Engineering,3,Bachelor,87.0,0
298,F,Marketing,1,Bachelor,44.0,0
299,M,Engineering,8,Bachelor,75.0,1
300,F,Marketing,5,Master,73.0,0
301,F,Marketing,2,Bachelor,45.0,0
302,M,Engineering,6,PhD,67.0,0
303,F,Marketing,8,Bachelor,67.0,0
304,F,Marketing,4,Bachelor,70.0,0
305,F,Engineering,6,Bachelor,58.0,0
306,M,Engineering,7,Bachelor,70.0,0
307,F,Engineering,9,Bachelor,77.0,0
308,F,Marketing,5,Bachelor,53.0,0
309,M,Engineering,4,Bachelor,60.0,0
310,M,Engineering,6,Master,72.0,1
311,F,Engineering,3,Master,,0
312,F,Marketing,1,Bachelor,76.0,0
313,F,Engineering,6,Master,65.0,1
314,M,Engineering,5,Bachelor,76.0,1
315,F,Engineering,4,Master,29.0,0
316,F,Marketing,5,Bachelor,77.0,0
317,F,Marketing,2,Bachelor,71.0,0
318,F,Engineering,3,Master,73.0,1
319,M,Marketing,1,Bachelor,57.0,0
320,M,Marketing,4,PhD,85.0,0
321,M,Engineering,4,Master,56.0,0
322,M,Engineering,9,Master,76.0,1
323,F,Engineering,4,Master,64.0,0
324,F,Marketing,2,Master,42.0,0
325,F,Engineering,2,Bachelor,73.0,1
326,F,Engineering,4,Master,66.0,0
327,F,Marketing,7,Master,56.0,0
328,M,Engineering,3,Bachelor,63.0,0
329,F,Engineering,5,Bachelor,98.0,0
330,F,Marketing,5,Bachelor,57.0,0
331,F,Marketing,5,Bachelor,77.0,1
332,F,Marketing,4,Bachelor,63.0,0
333,M,Engineering,3,Bachelor,67.0,0
334,M,Engineering,3,Bachelor,77.0,0
335,M,Engineering,7,Master,76.0,1
336,F,Engineering,8,Bachelor,70.0,1
337,M,Engineering,4,Bachelor,53.0,0
338,F,Engineering,5,Master,68.0,0
339,M,Marketing,0,Bachelor,68.0,0
340,F,Marketing,7,Bachelor,58.0,0
341,F,Engineering,3,Master,52.0,0
342,F,Marketing,5,Bachelor,80.0,1
343,F,Marketing,4,Master,51.0,0
344,F,Marketing,2,Master,73.0,1
345,F,Marketing,4,Bachelor,56.0,0
346,M,Engineering,4,Master,73.0,0
347,M,Engineering,6,Master,42.0,0
348,M,Engineering,4,Bachelor,76.0,1
349,F,Engineering,8,PhD,61.0,1
350,M,Marketing,4,Bachelor,54.0,0
351,M,Engineering,2,Master,89.0,1
352,F,Engineering,5,Master,65.0,0
353,M,Engineering,4,Bachelor,68.0,0
354,M,Engineering,4,Master,67.0,1
355,F,Engineering,6,Master,74.0,1
356,F,Marketing,6,Bachelor,59.0,0
357,F,Engineering,2,PhD,84.0,1
358,M,Engineering,4,Master,55.0,0
359,M,Engineering,6,Bachelor,59.0,0
360,F,Engineering,8,Master,68.0,0
361,F,Marketing,3,Master,91.0,0
362,M,Engineering,5,Master,59.0,1
363,F,Marketing,6,PhD,70.0,0
364,M,Engineering,4,PhD,60.0,1
365,F,Engineering,1,Bachelor,56.0,0
366,M,Marketing,7,Master,69.0,0
367,F,Marketing,1,Bachelor,83.0,1
368,M,Engineering,7,Bachelor,49.0,0
369,M,Engineering,3,Bachelor,68.0,0
370,F,Marketing,4,Bachelor,72.0,0
371,M,Engineering,4,Master,63.0,1
372,M,Engineering,6,Master,61.0,1
373,F,Engineering,1,Bachelor,56.0,1
374,M,Engineering,5,Master,60.0,0
375,M,Engineering,5,Bachelor,58.0,1
376,F,Marketing,2,Master,76.0,1
377,F,Marketing,3,Bachelor,58.0,0
378,M,Engineering,2,Bachelor,69.0,1
379,F,Marketing,5,Bachelor,80.0,1
380,F,Marketing,5,Bachelor,53.0,1
381,M,Marketing,4,Bachelor,54.0,0
382,F,Marketing,2,Bachelor,66.0,0
383,M,Engineering,6,Bachelor,59.0,0
384,M,Engineering,4,Bachelor,77.0,1
385,F,Marketing,4,Bachelor,75.0,1
386,F,Engineering,7,Bachelor,69.0,0
387,M,Engineering,9,Master,80.0,1
388,M,Engineering,5,Bachelor,62.0,1
389,M,Engineering,2,Bachelor,66.0,0
390,M,Engineering,8,Master,79.0,0
391,F,Marketing,1,Master,94.0,0
392,F,Marketing,4,Bachelor,60.0,0
393,F,Engineering,3,Master,62.0,1
394,M,Engineering,5,PhD,,0
395,M,Engineering,8,Master,66.0,1
396,F,Engineering,5,Master,48.0,0
397,M,Engineering,7,PhD,71.0,0
398,F,Marketing,6,Bachelor,65.0,0
399,M,Engineering,6,PhD,67.0,0
400,F,Engineering,4,Bachelor,77.0,0
401,M,Engineering,3,Master,60.0,0
402,M,Marketing,4,Bachelor,59.0,0
403,M,Engineering,4,Bachelor,57.0,0
404,M,Engineering,2,Bachelor,80.0,1
405,F,Marketing,4,PhD,69.0,0
406,F,Marketing,4,Bachelor,34.0,0
407,M,Engineering,4,Bachelor,77.0,0
408,M,Engineering,6,Master,71.0,1
409,F,Marketing,6,Master,32.0,0
410,M,Engineering,5,Bachelor,85.0,1
411,M,Marketing,3,Master,88.0,0
412,M,Engineering,1,Master,67.0,0
413,M,Marketing,3,PhD,73.0,1
414,F,Engineering,5,Bachelor,61.0,0
415,F,Marketing,5,Master,60.0,1
416,F,Marketing,5,Bachelor,80.0,0
417,M,Engineering,4,PhD,60.0,0
418,M,Engineering,6,Bachelor,60.0,1
419,F,Engineering,7,Bachelor,71.0,1
420,M,Marketing,3,PhD,48.0,1
421,F,Engineering,5,PhD,60.0,0
422,F,Marketing,3,Bachelor,75.0,0
423,F,Engineering,5,Bachelor,44.0,0
424,M,Engineering,10,Bachelor,63.0,1
425,F,Engineering,6,Bachelor,60.0,0
426,F,Engineering,4,Bachelor,56.0,0
427,M,Engineering,4,Master,50.0,1
428,F,Engineering,3,Bachelor,54.0,0
429,M,Engineering,2,Master,56.0,0
430,F,Marketing,8,Master,55.0,0
431,F,Marketing,4,PhD,62.0,0
432,F,Marketing,3,Master,60.0,0
433,F,Marketing,2,Master,52.0,0
434,F,Marketing,3,Bachelor,69.0,0
435,F,Marketing,5,Bachelor,68.0,0
436,M,Engineering,7,Master,48.0,1
437,F,Marketing,5,Bachelor,77.0,0
438,M,Engineering,2,Bachelor,62.0,0
439,M,Engineering,9,Bachelor,72.0,1
440,F,Marketing,0,Master,56.0,0
441,F,Engineering,3,Bachelor,52.0,0
442,F,Marketing,5,Bachelor,65.0,0
443,M,Engineering,7,Bachelor,53.0,0
444,F,Marketing,5,Bachelor,77.0,0
445,F,Marketing,2,Master,,0
446,M,Engineering,1,Master,74.0,1
447,M,Engineering,4,PhD,65.0,1
448,M,Marketing,2,Master,60.0,0
449,M,Engineering,6,Master,55.0,0
450,F,Engineering,6,Master,62.0,0
451,F,Marketing,3,Bachelor,55.0,0
452,F,Marketing,2,Master,58.0,0
453,M,Engineering,7,Master,81.0,1
454,M,Marketing,6,Master,61.0,0
455,F,Marketing,8,Bachelor,74.0,0
456,M,Marketing,3,Master,77.0,1
457,F,Engineering,7,PhD,67.0,1
458,M,Engineering,2,Bachelor,70.0,1
459,F,Engineering,3,Master,67.0,0
460,M,Engineering,8,Bachelor,55.0,1
461,M,Engineering,7,Bachelor,62.0,0
462,F,Engineering,8,Master,73.0,1
463,F,Marketing,3,Bachelor,49.0,0
464,F,Marketing,4,Bachelor,59.0,0
465,M,Engineering,6,Bachelor,70.0,1
466,M,Engineering,4,Master,,0
467,M,Marketing,1,Bachelor,66.0,0
468,M,Engineering,10,Master,61.0,1
469,M,Marketing,6,Bachelor,70.0,0
470,F,Marketing,4,Bachelor,68.0,0
471,M,Engineering,4,Bachelor,66.0,1
472,F,Engineering,5,Master,66.0,0
473,F,Marketing,2,Bachelor,69.0,0
474,F,Marketing,5,Bachelor,58.0,0
475,M,Marketing,2,Master,77.0,0
476,M,Engineering,6,Master,80.0,1
477,M,Engineering,6,Bachelor,62.0,0
478,F,Marketing,3,Master,37.0,0
479,F,Engineering,3,Bachelor,51.0,0
480,F,Engineering,4,PhD,74.0,1
481,M,Engineering,3,Bachelor,53.0,1
482,M,Engineering,4,Bachelor,71.0,0
483,F,Engineering,5,Master,50.0,0
484,M,Engineering,2,Master,72.0,1
485,M,Marketing,2,Bachelor,66.0,0
486,M,Engineering,7,Master,65.0,1
487,F,Engineering,2,Bachelor,60.0,0
488,F,Engineering,4,Master,70.0,0
489,M,Marketing,6,Bachelor,51.0,0
490,F,Marketing,4,Bachelor,,0
491,F,Marketing,8,Bachelor,62.0,0
492,F,Marketing,2,Master,84.0,0
493,F,Marketing,3,Bachelor,41.0,0
494,F,Marketing,3,Master,67.0,0
495,F,Engineering,6,Master,57.0,0
496,F,Engineering,6,Master,71.0,0
497,M,Engineering,5,Bachelor,76.0,1
498,F,Engineering,2,Bachelor,48.0,0
499,F,Marketing,3,Bachelor,82.0,0
500,F,Marketing,5,PhD,60.0,0
501,M,Engineering,4,Bachelor,62.0,0
502,M,Engineering,8,Master,56.0,1
503,F,Engineering,7,Bachelor,,0
504,F,Marketing,3,Bachelor,59.0,0
505,F,Marketing,3,Bachelor,50.0,0
506,F,Marketing,5,Master,45.0,0
507,F,Engineering,3,Bachelor,78.0,0
508,M,Engineering,2,PhD,78.0,0
509,F,Engineering,5,PhD,68.0,0
510,M,Engineering,5,Bachelor,53.0,0
511,M,Engineering,4,Master,78.0,1
512,M,Engineering,7,Bachelor,66.0,1
513,F,Engineering,5,Bachelor,62.0,0
514,F,Marketing,4,Master,55.0,0
515,F,Marketing,3,Bachelor,66.0,0
516,M,Marketing,4,Master,62.0,0
517,F,Engineering,9,Master,61.0,1
518,M,Engineering,5,Master,61.0,0
519,F,Marketing,3,Bachelor,73.0,1
520,M,Engineering,2,PhD,71.0,1
521,F,Marketing,4,Master,81.0,0
522,M,Engineering,3,Master,61.0,0
523,M,Marketing,0,Master,50.0,0
524,M,Engineering,6,Master,67.0,1
525,F,Marketing,4,Bachelor,45.0,0
526,F,Marketing,2,Bachelor,54.0,0
527,F,Marketing,3,Bachelor,77.0,0
528,M,Engineering,4,Bachelor,84.0,1
529,F,Engineering,4,Bachelor,70.0,0
530,M,Engineering,6,Bachelor,67.0,1
531,M,Engineering,3,Bachelor,61.0,1
532,F,Marketing,7,Bachelor,66.0,1
533,M,Engineering,5,Master,65.0,0
534,M,Marketing,5,Bachelor,69.0,0
535,F,Marketing,6,Bachelor,55.0,0
536,F,Marketing,3,Bachelor,67.0,1
537,M,Engineering,7,Master,48.0,0
538,M,Marketing,5,Master,46.0,0
539,F,Marketing,6,Master,78.0,0
540,M,Engineering,5,Bachelor,100.0,1
541,F,Marketing,2,Bachelor,67.0,0
542,F,Marketing,9,Master,65.0,1
543,F,Marketing,3,Bachelor,81.0,0
544,M,Marketing,5,Bachelor,49.0,0
545,M,Engineering,4,Bachelor,46.0,0
546,M,Engineering,7,Bachelor,74.0,1
547,M,Engineering,4,Bachelor,82.0,1
548,M,Engineering,4,PhD,72.0,1
549,F,Engineering,6,Master,63.0,1
550,F,Marketing,5,Master,86.0,1
551,M,Engineering,5,Master,59.0,0
552,M,Engineering,6,Bachelor,63.0,0
553,F,Marketing,5,PhD,60.0,1
554,F,Marketing,4,Master,51.0,0
555,M,Engineering,6,Master,62.0,0
556,F,Marketing,3,Master,63.0,0
557,M,Engineering,5,Bachelor,64.0,1
558,F,Engineering,5,PhD,72.0,0
559,M,Engineering,3,Bachelor,58.0,0
560,F,Marketing,4,Bachelor,80.0,0
561,F,Marketing,2,Bachelor,61.0,0
562,M,Engineering,4,Bachelor,52.0,0
563,M,Marketing,6,Bachelor,51.0,0
564,F,Marketing,6,Master,60.0,0
565,F,Engineering,4,Master,62.0,0
566,F,Marketing,4,PhD,70.0,0
567,M,Engineering,5,Master,,1
568,M,Marketing,3,PhD,78.0,0
569,F,Marketing,8,PhD,59.0,0
570,M,Engineering,3,Master,73.0,1
571,M,Engineering,5,Bachelor,66.0,0
572,M,Engineering,8,Bachelor,73.0,1
573,M,Engineering,7,Bachelor,,0
574,M,Marketing,7,Master,75.0,0
575,F,Marketing,4,PhD,53.0,1
576,M,Engineering,6,Master,91.0,1
577,F,Marketing,5,Master,46.0,0
578,M,Engineering,7,Master,59.0,1
579,M,Marketing,5,Master,64.0,0
580,M,Engineering,7,Bachelor,83.0,0
581,F,Marketing,1,Master,86.0,1
582,F,Marketing,4,Master,53.0,1
583,F,Engineering,5,PhD,79.0,1
584,F,Engineering,9,Master,48.0,1
585,F,Marketing,1,Bachelor,87.0,1
586,M,Marketing,3,PhD,59.0,0
587,F,Marketing,4,Bachelor,72.0,0
588,F,Marketing,3,Bachelor,68.0,0
589,F,Engineering,4,Master,55.0,0
590,M,Engineering,4,Bachelor,66.0,1
591,M,Engineering,5,Bachelor,70.0,1
592,F,Marketing,6,Master,51.0,0
593,F,Marketing,3,Master,70.0,0
594,F,Engineering,4,Bachelor,63.0,0
595,F,Engineering,3,Bachelor,56.0,0
596,F,Engineering,5,Master,78.0,1
597,F,Engineering,5,Master,57.0,0
598,M,Engineering,5,Bachelor,45.0,0
599,M,Engineering,2,Bachelor,74.0,1
600,M,Engineering,6,Master,53.0,0
